lead,copper,ZipCode
0,0,48505
5,120,48505
2,0,48505
6,220,48505
0,90,48505
3,90,48505
2,50,48505
5,0,48505
2,90,48505
14,140,48505
1,0,48505
4,110,48505
1,60,48505
10,0,48505
2,100,48505
8,80,48505
0,0,48505
1,0,48505
0,60,48505
3,0,48505
62,7200,48505
0,0,48505
0,140,48505
2,0,48505
13,90,48505
2,70,48505
0,0,48505
13,0,48505
1,110,48505
172,490,48505
0,0,48505
4,100,48505
2,0,48505
6,0,48505
3,90,48505
2,110,48505
0,0,48505
0,0,48505
1,0,48505
0,0,48505
0,0,48505
0,0,48505
27,0,48505
5,0,48505
0,0,48505
0,0,48505
109,0,48505
1,0,48505
0,0,48505
0,0,48505
0,0,48505
4,60,48505
0,0,48505
0,0,48505
0,0,48505
6,0,48505
0,0,48505
1,0,48505
0,50,48505
0,50,48505
0,0,48505
0,0,48505
2,0,48505
8,100,48505
1,90,48505
0,0,48505
2,0,48505
2,0,48505
0,60,48505
10,70,48505
1,0,48505
0,80,48505
0,80,48505
0,0,48505
0,140,48505
0,80,48505
0,120,48505
0,0,48505
0,70,48505
0,0,48505
16,0,48505
3,80,48505
0,0,48505
0,0,48505
0,0,48505
1,60,48505
1,60,48505
0,0,48505
2,70,48505
0,0,48505
0,0,48505
0,0,48505
0,50,48505
0,130,48505
1,60,48505
0,0,48505
5,140,48505
8,0,48505
2,0,48505
0,280,48505
0,0,48505
2,70,48505
0,0,48505
3,70,48505
0,0,48505
0,0,48505
2,0,48505
0,0,48505
0,0,48505
1,60,48505
0,0,48505
0,0,48505
0,0,48505
2,0,48505
0,0,48505
0,0,48505
1,50,48505
3,100,48505
0,50,48505
1,80,48505
0,500,48505
58,0,48505
0,0,48505
5,0,48505
0,0,48505
0,0,48505
0,70,48505
5,0,48505
0,50,48505
0,80,48505
0,70,48505
8,0,48505
2,0,48505
2,130,48505
2,80,48505
1,0,48505
12,90,48505
0,0,48505
3,280,48505
0,0,48505
3,90,48505
0,450,48505
0,0,48505
0,0,48505
0,220,48505
0,270,48505
0,80,48505
2,90,48505
0,0,48505
2,80,48505
79,60,48505
0,690,48505
12,1240,48505
0,370,48505
0,450,48505
0,300,48505
0,190,48505
0,140,48505
0,650,48505
0,340,48505
1,820,48505
0,300,48505
0,120,48505
0,290,48505
0,200,48505
2,1460,48505
0,280,48505
0,170,48505
0,190,48505
0,190,48505
0,550,48505
0,400,48505
0,140,48505
0,360,48505
1,600,48505
0,100,48505
0,460,48505
0,230,48505
0,120,48505
0,320,48505
0,240,48505
0,210,48505
0,400,48505
0,130,48505
0,290,48505
0,220,48505
6,1030,48505
0,140,48505
0,210,48505
0,590,48505
0,270,48505
0,440,48505
0,480,48505
0,380,48505
1,180,48505
0,410,48505
0,60,48505
0,110,48505
3,370,48505
3,590,48505
0,130,48505
0,160,48505
0,170,48505
3,930,48505
0,260,48505
0,340,48505
0,240,48505
0,180,48505
0,60,48505
0,350,48505
0,280,48505
7,0,48505
2,110,48505
4,0,48505
0,90,48505
0,0,48505
1,0,48505
0,0,48505
0,190,48505
0,80,48505
2,0,48505
7,50,48505
2,0,48505
0,0,48505
0,0,48505
0,0,48505
24,110,48505
0,0,48505
0,0,48505
0,0,48505
18,200,48505
0,0,48505
0,0,48505
0,0,48505
11,0,48505
2,0,48505
0,150,48505
0,0,48505
18,60,48505
2,70,48505
1,100,48505
2,70,48505
17,170,48505
1,60,48505
2,0,48505
0,0,48505
0,0,48505
4,130,48505
0,0,48505
4,0,48505
1,0,48505
0,0,48505
2,0,48505
2,0,48505
13,110,48505
0,0,48505
0,0,48505
0,80,48505
5,0,48505
0,0,48505
1,0,48505
4,0,48505
0,0,48505
0,0,48505
0,180,48505
27,90,48505
1,50,48505
5,130,48505
0,160,48505
4,0,48505
0,0,48505
0,0,48505
1,0,48505
0,0,48505
2,80,48505
3,50,48505
0,120,48505
1,80,48505
0,0,48505
1,70,48505
0,0,48505
0,0,48505
0,0,48505
32,0,48505
0,220,48505
4,90,48505
0,120,48505
3,60,48505
0,0,48505
0,80,48505
2,0,48505
1,60,48505
11,0,48505
0,0,48505
0,270,48505
0,0,48505
2,0,48505
12,50,48505
0,0,48505
0,0,48505
11,0,48505
0,0,48505
0,0,48505
0,0,48505
2,110,48505
0,0,48505
0,0,48505
0,0,48505
1,0,48505
0,0,48505
0,0,48505
84,190,48505
0,70,48505
0,0,48505
1,0,48505
24,0,48505
0,0,48505
0,0,48505
0,70,48505
6,240,48505
2,100,48505
2,0,48505
3,120,48505
10,0,48505
0,0,48505
2,0,48505
0,0,48505
0,0,48505
3,70,48505
0,0,48505
0,0,48505
13,0,48505
0,90,48505
0,70,48505
0,0,48505
0,60,48505
4,220,48505
0,0,48505
0,90,48505
1,130,48505
0,0,48505
3,50,48505
0,210,48505
0,80,48505
1,0,48505
3,0,48505
33,80,48505
0,0,48505
0,0,48505
0,0,48505
0,0,48505
3,70,48505
0,0,48505
1,60,48505
2,70,48505
0,0,48505
0,0,48505
0,0,48505
0,120,48505
0,0,48505
2,60,48505
0,0,48505
2,0,48505
0,70,48505
33,70,48505
0,0,48505
0,60,48505
0,50,48505
0,0,48505
2,0,48505
2,60,48505
5,70,48505
2,670,48505
0,0,48505
0,0,48505
0,90,48505
0,0,48505
62,190,48505
0,0,48505
8,0,48505
0,50,48505
0,350,48505
0,0,48505
0,160,48505
1,50,48505
0,0,48505
0,0,48505
0,0,48505
1,0,48505
4,80,48505
0,0,48505
0,0,48505
0,50,48505
5,110,48505
0,0,48505
0,0,48505
0,0,48505
5,160,48505
0,240,48505
0,0,48505
1,160,48505
1,0,48505
1,160,48505
0,0,48505
3,0,48505
0,0,48505
1,0,48505
4,0,48505
2,230,48505
43,80,48505
3,0,48505
208,300,48505
15,0,48505
1,0,48505
2,230,48505
0,110,48505
4,110,48505
86,500,48505
1,0,48505
6,50,48505
0,0,48505
0,60,48505
3,0,48505
0,0,48505
0,0,48505
0,0,48505
0,0,48505
0,0,48505
2,0,48505
2,70,48505
14,0,48505
0,0,48505
0,0,48505
0,0,48505
4,0,48505
0,100,48505
4,0,48505
6,0,48505
0,0,48505
1,0,48505
0,0,48505
2,0,48505
0,0,48505
0,0,48505
3,0,48505
2,0,48505
0,0,48505
32,100,48505
0,0,48505
0,260,48505
3,100,48505
50,3220,48505
1,0,48505
3,0,48505
2,0,48505
1,0,48505
3,210,48505
8,50,48505
0,0,48505
3,0,48505
7,0,48505
1,340,48505
2,60,48505
0,0,48505
0,0,48505
0,0,48505
0,0,48505
0,0,48505
0,0,48505
0,70,48505
0,100,48505
0,0,48505
1,600,48505
3,0,48505
0,0,48505
0,80,48505
0,0,48505
0,0,48505
25,0,48505
1,0,48505
2,60,48505
2,0,48505
2,0,48505
2,70,48505
8,0,48505
3,0,48505
48,430,48505
0,0,48505
0,0,48505
2,0,48505
0,0,48505
69,670,48505
1,0,48505
0,0,48505
0,0,48505
13,0,48505
3,50,48505
163,450,48505
2,0,48505
85,170,48505
1,0,48505
4,50,48505
0,60,48505
83,380,48505
10,0,48505
9,50,48505
0,0,48505
5,0,48505
2,80,48505
0,0,48505
1,0,48505
0,0,48505
1,0,48505
0,0,48505
1,0,48505
10,0,48505
7,0,48505
4,120,48505
2,0,48505
0,0,48505
0,110,48505
2,140,48505
2,0,48505
0,0,48505
8,100,48505
0,0,48505
3,320,48505
3,90,48505
0,0,48505
2,0,48505
0,240,48505
4,0,48505
0,0,48505
0,0,48505
12,100,48505
0,0,48505
3,0,48505
4,0,48505
1,0,48505
0,0,48505
0,70,48505
2,0,48505
2,0,48505
49,80,48505
0,0,48505
0,0,48505
0,0,48505
9,0,48505
0,0,48505
2,0,48505
3,0,48505
8,0,48505
0,0,48505
0,0,48505
2,0,48505
0,0,48505
2,0,48505
0,80,48505
5,0,48505
0,0,48505
3,0,48505
0,0,48505
14,190,48505
0,0,48505
0,560,48505
71,140,48505
5,0,48505
18,60,48505
0,60,48505
3,0,48505
0,0,48505
1,140,48505
0,0,48505
3,0,48505
0,200,48505
1304,170,48505
2,0,48505
1,0,48505
0,0,48505
15,80,48505
0,120,48505
0,0,48505
4,0,48505
5,450,48505
24,270,48505
0,60,48505
0,0,48505
2,0,48505
1,140,48505
0,0,48505
138,220,48505
2,0,48505
677,3480,48505
5,70,48505
7,50,48505
0,0,48505
0,50,48505
1,0,48505
0,0,48505
0,0,48505
0,130,48505
2,0,48505
2,0,48505
0,0,48505
0,0,48505
0,0,48505
5,0,48505
3,0,48505
0,120,48505
0,0,48505
0,0,48505
3,110,48505
0,540,48505
0,0,48505
0,80,48505
13,80,48505
0,0,48505
1,70,48505
0,50,48505
0,110,48505
0,0,48505
0,0,48505
0,60,48505
0,90,48505
0,0,48505
0,0,48505
0,0,48505
10,110,48505
3,60,48505
6,100,48505
18,0,48505
0,0,48505
0,0,48505
1,0,48505
0,0,48505
2,0,48505
0,70,48505
4,0,48505
0,130,48505
0,0,48505
4,70,48505
2,0,48505
0,0,48505
5,760,48505
0,0,48505
0,0,48505
1,0,48505
0,0,48505
0,0,48505
0,0,48505
0,0,48505
0,110,48505
3,0,48505
0,0,48505
0,0,48505
0,0,48505
17,520,48505
0,110,48505
3,140,48505
0,0,48505
8,70,48505
0,0,48505
0,100,48505
2,0,48505
0,0,48505
21,130,48505
0,0,48505
0,0,48505
0,0,48505
2,60,48505
6,0,48505
0,0,48505
0,0,48505
0,0,48505
8,190,48505
0,0,48505
0,0,48505
1,0,48505
0,0,48505
0,0,48505
0,60,48505
1,0,48505
0,60,48505
0,0,48505
0,0,48505
0,0,48505
0,0,48505
2,0,48505
0,0,48505
3,0,48505
11,180,48505
157,140,48505
2,0,48505
0,150,48505
0,80,48505
0,0,48505
0,0,48505
2,0,48505
5,90,48505
0,0,48505
0,0,48505
3,70,48505
3,110,48505
6,0,48505
0,0,48505
20,120,48505
10,0,48505
1,0,48505
3,0,48505
2,0,48505
17,0,48505
21,0,48505
10,0,48505
4,0,48505
6,0,48505
0,0,48505
0,0,48505
412,530,48505
14,380,48505
1,0,48505
14,0,48505
86,340,48505
4,0,48505
0,0,48505
3,0,48505
1,90,48505
0,0,48505
0,0,48505
0,0,48505
0,0,48505
0,50,48505
10,180,48505
222,660,48505
0,0,48505
2,0,48505
0,120,48505
3,120,48505
0,150,48505
3,0,48505
0,80,48505
2,0,48505
1,120,48505
54,60,48505
0,0,48505
5,100,48505
0,0,48505
2,120,48505
5,0,48505
0,0,48505
4,80,48505
7,110,48505
0,0,48505
1,0,48505
3,50,48505
19,0,48505
28,180,48505
0,120,48505
0,0,48505
0,0,48505
0,0,48505
0,0,48505
0,0,48505
0,0,48505
0,0,48505
0,0,48505
7,60,48505
0,0,48505
0,0,48505
2,160,48505
2,60,48505
3,0,48505
4,0,48505
0,60,48505
7,0,48505
0,0,48505
5,0,48505
1,110,48505
3,520,48505
0,0,48505
0,130,48505
0,0,48505
0,0,48505
0,0,48505
0,50,48505
8,0,48505
0,150,48505
0,50,48505
21,300,48505
0,80,48505
0,0,48505
0,0,48505
0,0,48505
0,0,48505
0,0,48505
3,60,48505
0,0,48505
0,0,48505
0,0,48505
22,50,48505
0,0,48505
0,0,48505
0,50,48505
0,0,48505
0,0,48505
0,0,48505
0,240,48505
0,0,48505
0,0,48505
0,0,48505
1,0,48505
0,0,48505
0,0,48505
6,0,48505
0,0,48505
2,0,48505
0,50,48505
2,60,48505
1,70,48505
31,0,48505
0,50,48505
0,0,48505
2,0,48505
157,150,48505
2,0,48505
6,70,48505
3,0,48505
0,0,48505
2,0,48505
3,0,48505
0,0,48505
0,0,48505
0,0,48505
7,150,48505
16,80,48505
1,70,48505
13,70,48505
2,0,48505
4,0,48505
0,0,48505
1,0,48505
1,60,48505
0,0,48505
4,220,48505
3,140,48505
0,0,48505
0,0,48505
71,80,48505
3,90,48505
4,0,48505
0,60,48505
1,140,48505
0,0,48505
0,0,48505
0,50,48505
0,0,48505
2,0,48505
3,0,48505
0,50,48505
0,100,48505
0,0,48505
1,80,48505
0,0,48505
2,0,48505
22,540,48505
2,0,48505
2,60,48505
266,920,48505
0,0,48505
0,70,48505
6,50,48505
0,60,48505
0,70,48505
0,0,48505
16,0,48505
5,120,48505
1,0,48505
0,170,48505
16,120,48505
2,80,48505
6,60,48505
0,0,48505
42,130,48505
0,0,48505
0,270,48505
1,0,48505
0,110,48505
3,70,48505
3,0,48505
4,0,48505
1,0,48505
0,0,48505
11,80,48505
0,0,48505
3,100,48505
5,0,48505
0,100,48505
1,70,48505
1,0,48505
3,0,48505
85,0,48505
19,80,48505
10,310,48505
289,580,48505
0,0,48505
3,80,48505
0,0,48505
0,110,48505
3,0,48505
1,0,48505
0,0,48505
0,0,48505
0,0,48505
0,0,48505
0,0,48505
0,0,48505
7,290,48505
0,0,48505
0,90,48505
0,0,48505
0,0,48505
0,0,48505
10,0,48505
0,0,48505
2,0,48505
0,0,48505
0,0,48505
0,0,48505
0,0,48505
0,0,48505
10,280,48505
2,0,48505
10,120,48505
1,0,48505
3,240,48505
3,0,48505
0,0,48505
2,130,48505
0,510,48505
0,0,48505
0,0,48505
0,0,48505
0,0,48505
0,0,48505
0,0,48505
0,60,48505
0,0,48505
4,160,48505
3,170,48505
1,0,48505
0,0,48505
0,50,48505
1,70,48505
0,60,48505
0,0,48505
0,0,48505
1,50,48505
3,0,48505
0,140,48505
6,100,48505
2,0,48505
5,120,48505
0,0,48505
0,0,48505
2,70,48505
2,0,48505
27,250,48505
0,0,48505
1,60,48505
0,130,48505
0,50,48505
4,60,48505
0,60,48505
3,0,48505
4,100,48505
5,0,48505
70,670,48505
1,0,48505
1,60,48505
0,70,48505
0,0,48505
24,260,48505
80,640,48505
12,50,48505
4,70,48505
2,0,48505
0,0,48505
0,100,48505
1,80,48505
4,80,48505
8,140,48505
0,0,48505
0,0,48505
0,0,48505
0,0,48505
3,50,48505
0,70,48505
3,0,48505
1,60,48505
0,0,48505
0,0,48505
0,0,48505
1,150,48505
2,0,48505
2,80,48505
0,0,48505
0,0,48505
0,0,48505
0,0,48505
1,0,48505
0,0,48505
0,110,48505
2,70,48505
0,0,48505
0,0,48505
0,0,48505
4,80,48505
0,150,48505
1,120,48505
8,130,48505
6,60,48505
4,0,48505
27,80,48505
0,0,48505
0,0,48505
0,0,48505
0,0,48505
46,420,48505
0,0,48505
1,0,48505
0,50,48505
20,150,48505
0,0,48505
1,0,48505
0,0,48505
39,260,48505
3,70,48505
3,0,48505
0,0,48505
0,0,48505
11,90,48505
1,0,48505
19,0,48505
0,0,48505
114,0,48505
0,50,48505
2,0,48505
1,0,48505
3,0,48505
6,0,48505
4,0,48505
0,0,48505
0,0,48505
7,0,48505
1,0,48505
1,50,48505
0,0,48505
0,0,48505
0,0,48505
0,0,48505
0,60,48505
0,0,48505
0,0,48505
0,0,48505
0,0,48505
1,0,48505
2,60,48505
4,0,48505
1,0,48505
0,0,48505
21,80,48505
0,0,48505
1,0,48505
0,60,48505
0,0,48505
221,0,48505
6,210,48505
3,140,48505
3,0,48505
4,0,48505
0,80,48505
0,140,48505
0,0,48505
54,480,48505
0,60,48505
0,0,48505
0,0,48505
6,0,48505
0,70,48505
3,70,48505
1,0,48505
1,0,48505
8,0,48505
0,0,48505
0,0,48505
2,0,48505
7,130,48505
16,0,48505
11,80,48505
13,0,48505
0,0,48505
0,0,48505
4,0,48505
2,0,48505
0,0,48505
2,0,48505
0,70,48505
6,60,48505
0,0,48505
0,0,48505
0,0,48505
1,0,48505
3,60,48505
0,0,48505
0,0,48505
5,80,48505
5,110,48505
0,0,48505
0,0,48505
0,0,48505
0,0,48505
3,0,48505
3,170,48505
0,0,48505
0,0,48505
2,170,48505
0,0,48505
3,100,48505
0,0,48505
0,0,48505
0,0,48505
0,90,48505
0,60,48505
7,120,48505
3,0,48505
0,0,48505
0,0,48505
0,0,48505
2,60,48505
2,0,48505
0,0,48505
0,0,48505
0,0,48505
1,0,48505
0,0,48505
0,0,48505
0,0,48505
3,70,48505
0,0,48505
1,90,48505
0,0,48505
13,490,48505
3,130,48505
1,100,48505
0,0,48505
3,0,48505
0,180,48505
0,50,48505
3,0,48505
0,0,48505
0,0,48505
0,0,48505
33,160,48505
1,170,48505
2,60,48505
8,130,48505
6,0,48505
1,0,48505
19,120,48505
3,0,48505
4,270,48505
0,0,48505
52,110,48505
0,0,48505
3,0,48505
0,0,48505
0,60,48505
0,0,48505
0,340,48505
1,0,48505
3,1090,48505
0,50,48505
0,0,48505
0,60,48505
0,0,48505
0,0,48505
44,90,48505
0,0,48505
1,0,48505
0,0,48505
0,150,48505
0,100,48505
0,80,48505
0,90,48505
0,120,48505
0,70,48505
0,0,48505
0,130,48505
0,130,48505
0,0,48505
0,0,48505
2,0,48505
0,190,48505
13,140,48505
0,0,48505
0,0,48505
0,0,48505
4,0,48505
1,80,48505
4,180,48505
0,810,48505
3,100,48505
2,60,48505
0,0,48505
0,0,48505
0,0,48505
4,0,48505
3,70,48505
0,0,48505
0,0,48505
0,0,48505
38,110,48505
0,120,48505
1,0,48505
2,0,48505
0,0,48505
3,0,48505
0,0,48505
0,0,48505
0,70,48505
1,0,48505
0,0,48505
33,190,48505
963,70,48505
12,0,48505
9,0,48505
2,0,48505
12,0,48505
0,160,48505
2,140,48505
0,0,48505
6,80,48505
0,120,48505
0,60,48505
1,90,48505
16,160,48505
0,0,48505
19,90,48505
2,140,48505
81,510,48505
0,150,48505
2,150,48505
0,290,48505
0,0,48505
4,0,48505
0,90,48505
0,0,48505
5,80,48505
2,120,48505
0,0,48505
0,0,48505
0,0,48505
0,0,48505
0,0,48505
0,0,48505
0,0,48505
4,90,48505
0,0,48505
0,0,48505
0,0,48505
0,0,48505
0,0,48505
0,0,48505
0,0,48505
57,270,48505
12,170,48505
2,90,48505
11,70,48505
0,0,48505
3,70,48505
11,0,48505
0,0,48505
0,70,48505
9,0,48505
0,50,48505
3,0,48505
1,0,48505
0,0,48505
1,90,48505
0,0,48505
1,80,48505
1,0,48505
2,100,48505
2,60,48505
0,0,48505
2,50,48505
0,0,48505
0,0,48505
3,200,48505
3,70,48505
1,0,48505
0,0,48505
2,0,48505
1,60,48505
2,130,48505
0,80,48505
3,0,48505
5,60,48505
0,0,48505
0,0,48505
1,0,48505
0,0,48505
0,0,48505
0,0,48505
4,0,48505
3,0,48505
2,0,48505
0,190,48505
3,220,48505
4,0,48505
0,80,48505
2,50,48505
125,0,48505
0,0,48505
0,0,48505
0,0,48505
4,110,48505
0,0,48505
0,0,48505
0,0,48505
1,0,48505
0,60,48505
0,0,48505
9,490,48505
0,0,48505
1,0,48505
0,0,48505
0,0,48505
0,0,48505
0,0,48505
0,0,48505
0,0,48505
0,0,48505
0,70,48505
0,0,48505
0,60,48505
4,0,48505
8,160,48505
7,0,48505
4,60,48505
0,0,48505
1,0,48505
0,120,48505
1,80,48505
0,130,48505
0,0,48505
0,0,48505
0,0,48505
0,0,48505
0,0,48505
0,60,48505
0,0,48505
1,0,48505
0,0,48505
0,0,48505
0,60,48505
0,50,48505
0,0,48505
0,70,48505
0,50,48505
6,380,48505
0,70,48505
0,70,48505
0,0,48505
1,0,48505
0,0,48505
0,0,48505
22,120,48505
2,170,48505
0,0,48505
0,0,48505
0,50,48505
38,220,48505
15,0,48505
3,0,48505
33,260,48505
0,0,48505
11,0,48505
7,90,48505
0,0,48505
41,0,48505
0,0,48505
3,0,48505
213,230,48505
1,460,48505
6,670,48505
7,0,48505
0,60,48505
2,0,48505
3,440,48505
1,50,48505
3,60,48505
3,80,48505
0,60,48505
35,2570,48505
2,650,48505
7,0,48505
0,0,48505
0,120,48505
0,120,48505
0,210,48505
3,100,48505
0,0,48505
0,230,48505
0,0,48505
0,0,48505
8,90,48505
4,0,48505
0,0,48505
0,0,48505
2,70,48505
20,330,48505
0,0,48505
2,90,48505
1,110,48505
0,80,48505
1,0,48505
1,120,48505
0,0,48505
2,0,48505
0,0,48505
4,50,48505
10,70,48505
0,0,48505
11,0,48505
0,0,48505
0,0,48505
22,50,48505
4,0,48505
0,0,48505
0,0,48505
0,0,48505
6,0,48505
9,70,48505
2,0,48505
1,0,48505
0,0,48505
0,0,48505
0,0,48505
1,60,48505
6,50,48505
1,60,48505
4,160,48505
0,50,48505
1,0,48505
0,0,48505
0,60,48505
0,0,48505
18,130,48505
0,120,48505
0,0,48505
7,80,48505
0,0,48505
2,50,48505
0,0,48505
0,0,48505
0,0,48505
0,180,48505
2,0,48505
0,290,48505
2,350,48505
22,160,48505
0,0,48505
0,60,48505
0,0,48505
0,0,48505
0,0,48505
16,0,48505
0,0,48505
0,0,48505
40,550,48505
0,0,48505
0,0,48505
0,0,48505
0,0,48505
0,80,48505
0,0,48505
0,0,48505
0,90,48505
2,140,48505
0,0,48505
2,0,48505
0,0,48505
0,0,48505
0,0,48505
0,0,48505
0,0,48505
0,0,48505
0,0,48505
0,0,48505
0,0,48505
0,0,48505
0,0,48505
0,60,48505
0,0,48505
0,0,48505
0,0,48505
0,0,48505
0,0,48505
0,0,48505
0,0,48505
0,0,48505
0,90,48505
0,60,48505
0,0,48505
0,0,48505
0,60,48505
0,90,48505
1,0,48505
0,0,48505
0,0,48505
2,70,48505
1,110,48505
0,0,48505
3,80,48505
5,260,48505
7,130,48505
12,390,48505
8,190,48505
4,0,48505
88,560,48505
7,0,48505
1,0,48505
81,100,48505
0,0,48505
0,0,48505
0,90,48505
2,0,48505
13,150,48505
2,110,48505
0,0,48505
3,0,48505
0,0,48505
0,130,48505
0,0,48505
0,60,48505
0,90,48505
11,130,48505
0,0,48505
0,90,48505
2,60,48505
1,0,48505
0,0,48505
3,0,48505
0,0,48505
3,0,48505
0,0,48505
4,0,48505
2,0,48505
2,70,48505
4,50,48505
0,0,48505
0,60,48505
1,80,48505
0,50,48505
0,0,48505
0,120,48505
0,0,48505
2,140,48505
77,340,48505
0,0,48505
0,0,48505
0,220,48505
1,80,48505
0,0,48505
0,0,48505
3,0,48505
0,0,48505
7,90,48505
29,590,48505
0,0,48505
0,200,48505
1,0,48505
2,70,48505
0,90,48505
0,60,48505
1,240,48505
21,300,48505
3,100,48505
0,0,48505
0,0,48505
1,160,48505
0,0,48505
4,0,48505
0,0,48505
1,70,48505
2,120,48505
0,0,48505
0,60,48505
2,120,48505
0,120,48505
0,0,48505
0,0,48505
0,0,48505
0,0,48505
0,70,48505
0,0,48505
12,0,48505
0,0,48505
0,0,48505
0,0,48505
0,0,48505
0,50,48505
1,0,48505
0,0,48505
0,0,48505
0,0,48505
0,0,48505
0,0,48505
0,0,48505
0,0,48505
0,0,48505
0,0,48505
0,0,48505
1,0,48505
0,0,48505
0,0,48505
0,0,48505
2,140,48505
0,50,48505
0,0,48505
0,280,48505
0,0,48505
1,200,48505
0,0,48505
0,0,48505
0,0,48505
4,0,48505
0,70,48505
0,0,48505
5,0,48505
0,0,48505
2,0,48505
1,80,48505
3,80,48505
0,0,48505
8,60,48505
1,50,48505
23,0,48505
1,0,48505
1,0,48505
0,0,48505
0,0,48505
0,0,48505
1,0,48505
2,330,48505
5,60,48505
15,0,48505
0,60,48505
2,0,48505
4,0,48505
0,0,48505
12,60,48505
0,120,48505
2,0,48505
0,0,48505
2,0,48505
1,0,48505
7,0,48505
2,0,48505
0,0,48505
4,90,48505
0,90,48505
2,0,48505
0,130,48505
6,90,48505
0,0,48505
3,0,48505
0,0,48505
0,80,48505
0,0,48505
4,0,48505
1,120,48505
14,240,48505
0,0,48505
0,0,48505
0,0,48505
0,0,48505
116,370,48505
0,0,48505
5,0,48505
1,100,48505
0,0,48505
0,0,48505
2,100,48505
0,0,48505
0,0,48505
0,160,48505
1,110,48505
2,100,48505
5,260,48505
0,0,48505
2,0,48505
1,60,48505
0,0,48505
0,0,48505
15,280,48505
1,210,48505
1,80,48505
0,90,48505
0,0,48505
3,170,48505
0,70,48505
0,120,48505
5,160,48505
0,90,48505
0,180,48505
0,160,48505
0,90,48505
1,160,48505
0,0,48505
0,0,48505
0,80,48505
0,0,48505
0,140,48505
2,0,48505
0,0,48505
0,0,48505
0,100,48505
0,60,48505
0,100,48505
9,150,48505
2,60,48505
0,170,48505
0,100,48505
0,90,48505
0,160,48505
0,0,48505
0,210,48505
2,110,48505
0,110,48505
0,80,48505
0,80,48505
1,130,48505
0,50,48505
2,70,48505
0,50,48505
0,60,48505
0,90,48505
0,60,48505
1,0,48505
0,70,48505
2,70,48505
3,0,48505
0,50,48505
0,70,48505
0,0,48505
10,350,48505
0,70,48505
6,200,48505
1,80,48505
0,0,48505
0,0,48505
0,70,48505
0,0,48505
1,0,48505
0,280,48505
2,130,48505
8,140,48505
0,0,48505
0,0,48505
282,760,48505
2,60,48505
0,0,48505
5,0,48505
1,80,48505
3,90,48505
0,260,48505
4,100,48505
6,70,48505
23,0,48505
0,70,48505
4,0,48505
16,0,48505
0,0,48505
2,0,48505
3,0,48505
29,0,48505
4,50,48505
6,90,48505
0,70,48505
0,0,48505
0,0,48505
3,90,48505
1,120,48505
3,300,48505
0,0,48505
50,0,48505
0,70,48505
2,60,48505
10,0,48505
469,310,48505
0,0,48505
6,0,48505
0,0,48505
2,0,48505
1,150,48505
0,0,48505
3,0,48505
0,700,48505
0,0,48505
0,0,48505
0,0,48505
0,0,48505
2,230,48505
0,0,48505
0,120,48505
0,0,48505
0,0,48505
0,240,48505
0,0,48505
0,0,48505
0,60,48505
0,0,48505
2,0,48505
2,50,48505
78,670,48505
0,50,48505
0,0,48505
0,190,48505
0,0,48505
0,60,48505
0,0,48505
46,100,48505
0,110,48505
1,0,48505
0,0,48505
0,100,48505
0,0,48505
0,80,48505
2,0,48505
2,120,48505
0,80,48505
8,170,48505
2,190,48505
2,90,48505
5,120,48505
14,170,48505
2,0,48505
17,80,48505
6,0,48505
0,120,48505
0,0,48505
0,0,48505
2,60,48505
5,120,48505
22,80,48505
1,0,48505
0,0,48505
0,0,48505
70,190,48505
0,0,48505
3,90,48505
3,0,48505
13,80,48505
10,50,48505
0,0,48505
2,60,48505
0,0,48505
0,0,48505
0,130,48505
0,60,48505
0,0,48505
2,0,48505
0,0,48505
0,0,48505
0,0,48505
0,50,48505
12,110,48505
0,0,48505
2,0,48505
0,0,48505
7,110,48505
5,60,48505
5,140,48505
352,1090,48505
287,550,48505
1,70,48505
5,0,48505
18,0,48505
5,0,48505
0,0,48505
2,0,48505
0,0,48505
0,0,48505
4,0,48505
0,60,48505
37,410,48505
0,0,48505
4,70,48505
0,0,48505
2,0,48505
0,0,48505
0,0,48505
0,90,48505
2,70,48505
2,200,48505
3,100,48505
0,0,48505
1,0,48505
0,0,48505
0,0,48505
0,0,48505
0,0,48505
0,0,48505
10,0,48505
0,0,48505
0,0,48505
0,0,48505
0,70,48505
0,80,48505
0,0,48505
0,0,48505
2,50,48505
0,0,48505
0,0,48505
200,2130,48505
4,0,48505
0,0,48505
2,0,48505
5,50,48505
0,0,48505
0,0,48505
0,0,48505
0,0,48505
20,0,48505
131,0,48505
0,0,48505
1,0,48505
12,90,48505
6,100,48505
0,0,48505
0,0,48505
1,60,48505
0,60,48505
0,100,48505
1,0,48505
2,70,48505
0,0,48505
0,0,48505
27,0,48505
0,0,48505
0,0,48505
0,0,48505
3,0,48505
1,0,48505
0,0,48505
0,260,48505
0,0,48505
387,290,48505
15,130,48505
0,0,48505
0,0,48505
3,0,48505
2,0,48505
0,140,48505
1,0,48505
0,150,48505
18,0,48505
0,0,48505
0,0,48505
1,0,48505
0,70,48505
6,60,48505
7,0,48505
0,0,48505
0,110,48505
0,0,48505
0,0,48505
0,60,48505
0,0,48505
1,0,48505
5,270,48505
1,0,48505
0,60,48505
0,0,48505
1,90,48505
0,0,48505
6,190,48505
2,0,48505
0,0,48505
1,0,48505
3,0,48505
1,100,48505
3,0,48505
4,0,48505
0,0,48505
2,140,48505
0,0,48505
0,0,48505
0,90,48505
0,0,48505
17,0,48505
0,0,48505
0,0,48505
0,0,48505
0,0,48505
0,0,48505
0,0,48505
1,0,48505
4,0,48505
2,0,48505
0,80,48505
0,0,48505
2,0,48505
1,0,48505
0,0,48505
2,0,48505
0,0,48505
2,80,48505
15,60,48505
5,0,48505
2,90,48505
1,0,48505
2,410,48505
9,290,48505
32,0,48505
0,0,48505
0,0,48505
0,0,48505
0,0,48505
7,0,48505
0,0,48505
6,70,48505
0,0,48505
0,0,48505
0,0,48505
0,0,48505
0,0,48505
0,0,48505
0,0,48505
1,100,48505
0,0,48505
0,0,48505
0,50,48505
0,0,48505
0,80,48505
0,0,48505
1,0,48505
2,0,48505
0,70,48505
0,60,48505
0,0,48505
0,0,48505
3,0,48505
0,0,48505
1,0,48505
3,0,48505
46,190,48505
1,70,48505
103,300,48505
0,0,48505
4,0,48505
7,200,48505
0,0,48505
0,0,48505
0,0,48505
0,0,48505
0,0,48505
0,0,48505
2,0,48505
3,50,48505
1,0,48505
5,0,48505
19,180,48505
3,0,48505
1,0,48505
1,0,48505
0,0,48505
0,0,48505
22,0,48505
5,60,48505
0,0,48505
0,0,48505
0,0,48505
0,0,48505
0,0,48505
0,0,48505
0,0,48505
0,50,48505
1,0,48505
0,0,48505
0,0,48505
0,0,48505
8,120,48505
4,80,48505
0,0,48505
4,0,48505
0,0,48505
2,300,48505
2,0,48505
0,160,48505
5,0,48505
0,0,48505
2,0,48505
1,0,48505
7,860,48505
0,0,48505
0,90,48505
5,0,48505
475,600,48505
1,0,48505
53,120,48505
17,360,48505
1,0,48505
14,100,48505
0,70,48505
2,60,48505
3,0,48505
0,0,48505
0,0,48505
6,230,48505
0,0,48505
0,0,48505
0,0,48505
0,0,48505
0,0,48505
30,170,48505
0,0,48505
1,0,48505
0,0,48505
0,0,48505
0,90,48505
2,110,48505
0,0,48505
0,0,48505
0,0,48505
0,0,48505
0,0,48505
0,0,48505
0,0,48505
0,80,48505
0,0,48505
2,120,48505
0,0,48505
0,0,48505
0,0,48505
1,0,48505
0,0,48505
0,0,48505
0,0,48505
1,300,48505
0,0,48505
0,0,48505
0,0,48505
0,0,48505
0,90,48505
2,0,48505
0,0,48505
0,0,48505
0,0,48505
0,0,48505
0,0,48505
0,0,48505
0,0,48505
0,0,48505
0,0,48505
0,0,48505
0,0,48505
0,0,48505
0,0,48505
0,0,48505
0,0,48505
2,0,48505
0,0,48505
0,0,48505
0,0,48505
0,0,48505
0,0,48505
0,0,48505
0,0,48505
0,0,48505
0,0,48505
0,0,48505
0,0,48505
0,0,48505
0,0,48505
0,0,48505
0,0,48505
0,0,48505
0,0,48505
0,0,48505
0,0,48505
1,0,48504
0,200,48504
0,0,48504
0,0,48504
2,0,48504
0,0,48504
0,0,48504
0,130,48504
2,60,48504
25,70,48504
136,240,48504
10,120,48504
0,80,48504
0,0,48504
1,80,48504
5,0,48504
0,0,48504
50,280,48504
3,70,48504
10,0,48504
0,0,48504
0,0,48504
4,260,48504
0,0,48504
0,150,48504
1,80,48504
41,1040,48504
2,0,48504
18,0,48504
2,0,48504
3,60,48504
12,80,48504
1681,10570,48504
2,0,48504
0,0,48504
0,60,48504
0,0,48504
2,0,48504
4,0,48504
2,280,48504
3,110,48504
1,120,48504
1,70,48504
5,0,48504
7,90,48504
21,0,48504
2,0,48504
13,0,48504
0,0,48504
0,0,48504
0,50,48504
0,0,48504
1,0,48504
0,0,48504
5,0,48504
0,0,48504
1,0,48504
1,0,48504
9,0,48504
0,0,48504
0,0,48504
0,0,48504
0,0,48504
0,0,48504
1,0,48504
3,0,48504
20,0,48504
3,60,48504
2,0,48504
11,0,48504
1,0,48504
22,190,48504
0,0,48504
4,60,48504
13,0,48504
4,0,48504
0,0,48504
3,60,48504
0,0,48504
4,110,48504
3,80,48504
7,0,48504
4,90,48504
3,60,48504
0,0,48504
28,120,48504
17,180,48504
0,0,48504
6,220,48504
2,120,48504
4247,1920,48504
0,140,48504
0,0,48504
14,230,48504
2,140,48504
13,130,48504
3,160,48504
1,160,48504
0,90,48504
0,0,48504
1,100,48504
0,160,48504
4,60,48504
0,0,48504
0,0,48504
0,0,48504
2,80,48504
2,50,48504
0,0,48504
0,0,48504
0,50,48504
7,50,48504
2,110,48504
0,0,48504
0,140,48504
2,60,48504
7,0,48504
0,0,48504
0,0,48504
17,0,48504
3,0,48504
43,320,48504
0,0,48504
0,0,48504
0,0,48504
0,0,48504
10,120,48504
0,0,48504
4,0,48504
133,520,48504
9,80,48504
9,50,48504
6,140,48504
4,0,48504
2,0,48504
16,110,48504
0,0,48504
1,0,48504
416,6690,48504
0,0,48504
16,100,48504
13,120,48504
3,0,48504
3,0,48504
2,170,48504
16,80,48504
1,110,48504
0,0,48504
0,130,48504
0,100,48504
0,0,48504
0,0,48504
1,0,48504
0,60,48504
0,0,48504
0,0,48504
0,0,48504
9,80,48504
0,0,48504
0,80,48504
0,0,48504
0,0,48504
0,0,48504
5,50,48504
3,0,48504
1,0,48504
5,0,48504
2,70,48504
0,90,48504
0,0,48504
3,750,48504
5,50,48504
0,0,48504
1,200,48504
0,0,48504
2,0,48504
6,0,48504
4,0,48504
4,80,48504
3,0,48504
6,0,48504
3,0,48504
2,110,48504
0,0,48504
0,0,48504
0,0,48504
16,120,48504
0,120,48504
136,260,48504
1,100,48504
29,220,48504
4,60,48504
1,70,48504
0,0,48504
0,80,48504
3,80,48504
0,0,48504
5,280,48504
42,770,48504
1,0,48504
0,0,48504
10,230,48504
0,60,48504
5,160,48504
2,0,48504
0,110,48504
0,0,48504
0,0,48504
0,0,48504
0,0,48504
0,0,48504
0,380,48504
0,0,48504
0,0,48504
7,120,48504
6,0,48504
0,0,48504
0,0,48504
0,0,48504
0,130,48504
31,230,48504
4,60,48504
50,170,48504
24,340,48504
12,170,48504
6,0,48504
0,280,48504
1,0,48504
2,100,48504
2,0,48504
1,0,48504
1,0,48504
2,0,48504
8,140,48504
3,0,48504
2,120,48504
7,60,48504
13,50,48504
5,0,48504
1,60,48504
2,0,48504
5,0,48504
3,100,48504
0,0,48504
2,100,48504
0,90,48504
0,150,48504
30,230,48504
0,0,48504
0,60,48504
0,0,48504
0,0,48504
0,0,48504
0,60,48504
0,0,48504
1,60,48504
10306,42830,48504
2,50,48504
0,70,48504
2,0,48504
12,0,48504
0,0,48504
0,0,48504
0,0,48504
15,0,48504
0,140,48504
0,0,48504
2,0,48504
6,230,48504
10,0,48504
0,70,48504
4,50,48504
0,0,48504
0,110,48504
0,0,48504
0,0,48504
0,60,48504
1,110,48504
0,0,48504
2,120,48504
0,0,48504
3,80,48504
0,0,48504
3,0,48504
1,180,48504
0,0,48504
10,90,48504
0,0,48504
4,0,48504
1,0,48504
5,70,48504
0,0,48504
1,60,48504
1,100,48504
0,0,48504
0,0,48504
4,0,48504
10,130,48504
1,0,48504
0,60,48504
4,60,48504
1,0,48504
4,0,48504
5,500,48504
1,0,48504
4,0,48504
5,0,48504
3,0,48504
1,0,48504
0,0,48504
2,0,48504
69,360,48504
0,0,48504
0,0,48504
2,0,48504
2,70,48504
6,0,48504
0,0,48504
0,0,48504
0,0,48504
0,0,48504
0,0,48504
2,0,48504
0,0,48504
0,0,48504
0,0,48504
0,0,48504
0,0,48504
0,180,48504
0,0,48504
0,80,48504
8,190,48504
0,0,48504
12,70,48504
0,0,48504
12,60,48504
2,0,48504
1,50,48504
0,50,48504
3,260,48504
5,0,48504
4,90,48504
25,0,48504
13,0,48504
20,0,48504
3,0,48504
15,0,48504
3,100,48504
9,0,48504
1,0,48504
2,70,48504
2,0,48504
5,140,48504
9,170,48504
3,0,48504
2,380,48504
3,90,48504
6,80,48504
0,0,48504
0,0,48504
0,180,48504
2,0,48504
0,0,48504
0,0,48504
0,0,48504
0,0,48504
1,0,48504
0,60,48504
0,0,48504
0,0,48504
0,0,48504
0,0,48504
0,60,48504
0,90,48504
0,130,48504
0,160,48504
0,210,48504
0,70,48504
1,0,48504
3,0,48504
0,0,48504
0,0,48504
0,0,48504
0,0,48504
1,0,48504
0,0,48504
18,0,48504
0,0,48504
0,0,48504
0,0,48504
2,0,48504
0,60,48504
2,0,48504
3,200,48504
182,240,48504
3,0,48504
3,0,48504
2,0,48504
0,0,48504
0,50,48504
4,0,48504
4,0,48504
3,170,48504
2,80,48504
3,60,48504
0,120,48504
5,0,48504
2,90,48504
0,100,48504
2,140,48504
14,110,48504
6,0,48504
4,0,48504
8,0,48504
60,150,48504
2,60,48504
2,60,48504
1,0,48504
0,90,48504
14,80,48504
0,0,48504
0,0,48504
3,0,48504
5,70,48504
2,0,48504
2,270,48504
64,0,48504
0,0,48504
2,0,48504
7,0,48504
32,90,48504
4,60,48504
11,0,48504
33,0,48504
0,110,48504
2,0,48504
0,0,48504
19,660,48504
0,140,48504
0,0,48504
0,170,48504
0,120,48504
25,380,48504
0,0,48504
70,320,48504
3,110,48504
0,110,48504
6,90,48504
4,80,48504
3,180,48504
0,120,48504
1,0,48504
0,270,48504
0,60,48504
0,60,48504
6,0,48504
113,430,48504
0,0,48504
0,0,48504
0,0,48504
0,0,48504
0,80,48504
0,50,48504
9,200,48504
5,50,48504
0,70,48504
0,0,48504
0,0,48504
0,0,48504
0,270,48504
3,0,48504
0,60,48504
10,100,48504
2,0,48504
0,0,48504
2,0,48504
53,100,48504
0,110,48504
1,60,48504
1,0,48504
8,100,48504
1,0,48504
0,0,48504
26,150,48504
3,0,48504
0,0,48504
0,90,48504
9,60,48504
0,0,48504
3,0,48504
0,0,48504
0,90,48504
0,0,48504
3,0,48504
0,60,48504
0,210,48504
0,0,48504
0,0,48504
0,0,48504
1,130,48504
0,0,48504
2,130,48504
0,0,48504
0,0,48504
0,0,48504
0,140,48504
0,0,48504
1,90,48504
4,110,48504
1,50,48504
49,190,48504
0,0,48504
1,0,48504
0,0,48504
0,100,48504
2,0,48504
1,0,48504
1,0,48504
11,80,48504
0,70,48504
14,60,48504
4,50,48504
0,0,48504
7,0,48504
1,0,48504
4,120,48504
0,0,48504
6,0,48504
3,120,48504
3,0,48504
2,0,48504
10,0,48504
9,0,48504
3,0,48504
6,50,48504
2,0,48504
0,0,48504
2,210,48504
1,150,48504
1,70,48504
0,0,48504
11,100,48504
0,140,48504
2,60,48504
0,0,48504
0,60,48504
3,70,48504
0,80,48504
2,0,48504
8,110,48504
5,150,48504
1,110,48504
115,380,48504
1,180,48504
0,70,48504
0,0,48504
0,240,48504
41,0,48504
1,100,48504
0,130,48504
10,170,48504
7,230,48504
2,0,48504
2,0,48504
2,60,48504
8,0,48504
4,0,48504
2,90,48504
5,0,48504
0,70,48504
2,0,48504
0,0,48504
1,370,48504
11,0,48504
40,0,48504
2,0,48504
13,200,48504
3,90,48504
12,580,48504
3,0,48504
8,60,48504
0,0,48504
3,0,48504
1,120,48504
1,120,48504
6,230,48504
0,0,48504
2,0,48504
1,0,48504
3,0,48504
0,0,48504
6,90,48504
1,0,48504
4,0,48504
2,0,48504
9,0,48504
7,0,48504
2,0,48504
22,240,48504
2,0,48504
2,0,48504
1,0,48504
5,0,48504
6,70,48504
8,110,48504
10,0,48504
44,60,48504
1,0,48504
10,0,48504
3,100,48504
0,0,48504
0,60,48504
0,0,48504
0,0,48504
0,130,48504
9,0,48504
21,140,48504
1,0,48504
1,0,48504
0,0,48504
0,0,48504
2,0,48504
1,60,48504
0,0,48504
38,250,48504
5,150,48504
0,0,48504
3,0,48504
0,60,48504
3,0,48504
2,110,48504
0,0,48504
0,0,48504
0,0,48504
0,0,48504
0,0,48504
8,100,48504
0,90,48504
0,170,48504
3,490,48504
3,50,48504
531,1120,48504
8,80,48504
2,0,48504
2,100,48504
5,0,48504
3,0,48504
5,0,48504
2,0,48504
62,200,48504
6,0,48504
3,0,48504
0,0,48504
7,0,48504
0,0,48504
7,0,48504
7,0,48504
0,0,48504
2,0,48504
29,0,48504
155,270,48504
0,90,48504
3,60,48504
4,0,48504
243,640,48504
5,120,48504
3,120,48504
2,0,48504
2,120,48504
2,0,48504
9,0,48504
55,90,48504
8,270,48504
8,150,48504
4,130,48504
1,0,48504
0,50,48504
0,0,48504
0,0,48504
0,80,48504
5,70,48504
0,0,48504
2,0,48504
0,60,48504
0,0,48504
0,0,48504
0,410,48504
0,90,48504
0,0,48504
175,50,48504
2,60,48504
0,110,48504
3,60,48504
0,80,48504
0,80,48504
0,0,48504
0,0,48504
0,0,48504
0,0,48504
0,140,48504
0,140,48504
0,100,48504
2,0,48504
8,70,48504
2,210,48504
0,110,48504
0,0,48504
3,0,48504
2,110,48504
3,0,48504
0,160,48504
2,0,48504
2,0,48504
51,0,48504
18,220,48504
3,80,48504
2,0,48504
0,430,48504
2,50,48504
1,60,48504
0,0,48504
2,0,48504
0,0,48504
0,0,48504
1,0,48504
8,0,48504
0,0,48504
0,0,48504
0,0,48504
0,100,48504
2,0,48504
0,140,48504
6,190,48504
0,120,48504
0,0,48504
0,0,48504
0,0,48504
32,180,48504
3,0,48504
3,0,48504
71,70,48504
0,60,48504
0,0,48504
0,0,48504
0,0,48504
2,0,48504
2,80,48504
0,150,48504
0,50,48504
1,0,48504
4,0,48504
0,0,48504
0,0,48504
0,0,48504
0,0,48504
0,0,48504
6,0,48504
0,0,48504
3,0,48504
4,0,48504
0,90,48504
0,0,48504
0,0,48504
0,0,48504
0,0,48504
3,0,48504
0,0,48504
2,170,48504
1,50,48504
0,90,48504
0,0,48504
0,160,48504
3,60,48504
0,100,48504
0,90,48504
6,230,48504
0,90,48504
1,80,48504
0,0,48504
0,0,48504
15,420,48504
0,0,48504
0,130,48504
0,0,48504
7,120,48504
1,0,48504
0,0,48504
0,0,48504
1,160,48504
4,0,48504
0,100,48504
0,0,48504
0,80,48504
0,290,48504
0,260,48504
0,190,48504
0,220,48504
0,130,48504
0,130,48504
0,0,48504
0,0,48504
0,0,48504
0,110,48504
0,0,48504
9,250,48504
9,270,48504
0,0,48504
0,0,48504
0,0,48504
2,70,48504
0,0,48504
0,70,48504
0,0,48504
0,60,48504
0,80,48504
0,0,48504
0,0,48504
3,60,48504
1,0,48504
0,0,48504
0,0,48504
0,0,48504
3,90,48504
0,50,48504
0,0,48504
16,0,48504
0,0,48504
34,110,48504
6,0,48504
0,0,48504
2,0,48504
0,60,48504
4,0,48504
4,0,48504
12,100,48504
0,0,48504
1,160,48504
0,0,48504
0,0,48504
1,0,48504
0,140,48504
0,0,48504
3,0,48504
4,0,48504
63,0,48504
1,70,48504
0,0,48504
0,0,48504
0,0,48504
0,0,48504
0,0,48504
0,0,48504
2,0,48504
6,90,48504
0,0,48504
0,250,48504
0,250,48504
0,0,48504
320,70,48504
0,0,48504
0,60,48504
0,170,48504
1,0,48504
0,0,48504
0,50,48504
0,0,48504
0,0,48504
1,90,48504
1,90,48504
1,0,48504
2,0,48504
1,0,48504
1,60,48504
0,0,48504
6,0,48504
0,0,48504
1,0,48504
0,100,48504
0,0,48504
6,0,48504
0,90,48504
3,0,48504
1,0,48504
0,120,48504
0,0,48504
0,480,48504
0,70,48504
1,0,48504
3,0,48504
2,0,48504
1,60,48504
0,110,48504
0,0,48504
0,0,48504
0,0,48504
0,0,48504
0,60,48504
0,50,48504
0,90,48504
0,100,48504
0,60,48504
1,60,48504
1,630,48504
4,210,48504
0,0,48504
24,190,48504
2,50,48504
3,140,48504
0,0,48504
5,340,48504
13,730,48504
5,170,48504
4,200,48504
2,0,48504
5,0,48504
2,0,48504
0,0,48504
2,90,48504
2,70,48504
0,0,48504
1,180,48504
7,110,48504
1,170,48504
4,120,48504
4,120,48504
0,0,48504
1,0,48504
1,100,48504
6,0,48504
0,0,48504
0,90,48504
2,0,48504
1,0,48504
2,0,48504
1,0,48504
2,0,48504
2,0,48504
0,120,48504
4,0,48504
0,0,48504
5,0,48504
2,70,48504
4,50,48504
0,0,48504
17,0,48504
3,0,48504
36,420,48504
0,50,48504
0,0,48504
1,0,48504
0,0,48504
2,60,48504
4,60,48504
0,0,48504
1,0,48504
2,60,48504
2,170,48504
0,230,48504
2,200,48504
0,130,48504
66,230,48504
1,50,48504
8,0,48504
1403,880,48504
0,0,48504
0,0,48504
0,230,48504
4,70,48504
0,50,48504
51,110,48504
4,0,48504
3,80,48504
6,310,48504
6,90,48504
7,0,48504
3,0,48504
0,0,48504
5,0,48504
2,110,48504
5,0,48504
3,0,48504
3,0,48504
3,0,48504
4,80,48504
5,120,48504
3,100,48504
3,120,48504
3,0,48504
7,0,48504
0,0,48504
1,60,48504
1,0,48504
0,0,48504
0,0,48504
0,0,48504
0,0,48504
0,0,48504
11,0,48504
5,0,48504
6,0,48504
7,0,48504
34,70,48504
16,130,48504
80,180,48504
0,0,48504
0,0,48504
1,0,48504
0,0,48504
11,0,48504
5,0,48504
8,0,48504
7,0,48504
6,0,48504
10,0,48504
10,0,48504
5,0,48504
5,100,48504
4,90,48504
4,90,48504
5,70,48504
5,90,48504
5,80,48504
5,60,48504
77,100,48504
0,0,48504
0,0,48504
0,60,48504
15,140,48504
0,160,48504
6,80,48504
0,0,48504
8,190,48504
4,130,48504
0,90,48504
4,0,48504
0,90,48504
0,80,48504
0,0,48504
2,50,48504
1,0,48504
0,0,48504
0,0,48504
0,90,48504
2,0,48504
2,0,48504
6,0,48504
0,0,48504
2,0,48504
2,0,48504
2,0,48504
2,0,48504
9,0,48504
2,0,48504
26,0,48504
4,0,48504
1,70,48504
0,60,48504
2,180,48504
0,130,48504
96,510,48504
10,180,48504
12,0,48504
0,50,48504
0,120,48504
0,0,48504
1,0,48504
1,70,48504
2,60,48504
0,0,48504
0,0,48504
0,0,48504
6,70,48504
2,0,48504
0,0,48504
0,0,48504
3,280,48504
2,0,48504
1,0,48504
0,0,48504
0,0,48504
0,0,48504
2,60,48504
0,0,48504
2,0,48504
0,0,48504
0,0,48504
3,230,48504
64,310,48504
0,0,48504
1,0,48504
10,0,48504
56,160,48504
4,0,48504
0,0,48504
0,0,48504
0,110,48504
2,50,48504
1,70,48504
0,0,48504
0,0,48504
3,0,48504
2,60,48504
0,0,48504
0,0,48504
16,100,48504
0,0,48504
0,0,48504
0,0,48504
0,0,48504
0,320,48504
0,50,48504
0,50,48504
0,70,48504
0,0,48504
0,150,48504
3,90,48504
0,0,48504
0,0,48504
6,200,48504
0,0,48504
0,0,48504
7,250,48504
3,60,48504
0,270,48504
0,0,48504
0,0,48504
6,0,48504
0,90,48504
19,150,48504
0,0,48504
0,0,48504
0,80,48504
0,0,48504
3,0,48504
3,0,48504
0,0,48504
0,0,48504
0,0,48504
0,0,48504
6,230,48504
5,60,48504
3,0,48504
0,0,48504
1,0,48504
2,0,48504
0,0,48504
0,0,48504
0,0,48504
0,0,48504
5,80,48504
1,0,48504
0,50,48504
0,0,48504
0,220,48504
2,0,48504
3,0,48504
4,150,48504
23,60,48504
3,50,48504
3,0,48504
0,0,48504
3,90,48504
10,0,48504
24,80,48504
3,50,48504
4,90,48504
3,0,48504
65,250,48504
4,60,48504
2,70,48504
1,0,48504
270,380,48504
0,0,48504
14,430,48504
0,50,48504
0,80,48504
0,50,48504
9,100,48504
3,70,48504
0,50,48504
13,0,48504
2,60,48504
0,0,48504
3,60,48504
2,0,48504
3,130,48504
3,60,48504
3,0,48504
0,0,48504
112,910,48504
5,90,48504
16,70,48504
0,0,48504
0,50,48504
0,0,48504
1,0,48504
0,260,48504
3,0,48504
2,0,48504
0,0,48504
2,130,48504
2,0,48504
0,0,48504
7,180,48504
0,0,48504
4,0,48504
0,0,48504
55,190,48504
2,0,48504
0,0,48504
13,0,48504
0,100,48504
0,80,48504
0,140,48504
2,0,48504
0,0,48504
0,0,48504
9,210,48504
0,80,48504
0,0,48504
7,80,48504
6,60,48504
0,0,48504
0,0,48504
0,320,48504
0,150,48504
0,0,48504
0,140,48504
8,190,48504
0,0,48504
4,0,48504
1,0,48504
0,0,48504
223,1800,48504
0,0,48504
0,0,48504
0,0,48504
4,170,48504
0,0,48504
8,270,48504
1,0,48504
0,0,48504
0,0,48504
0,70,48504
0,0,48504
2,60,48504
0,0,48504
2,0,48504
6,70,48504
6,0,48504
0,0,48504
6,0,48504
7,140,48504
268,70,48504
19,70,48504
178,210,48504
0,60,48504
0,90,48504
0,0,48504
0,80,48504
0,70,48504
0,0,48504
0,0,48504
0,0,48504
0,80,48504
0,0,48504
5,60,48504
0,50,48504
2,230,48504
0,70,48504
2,100,48504
0,0,48504
6,80,48504
0,0,48504
4,220,48504
2,60,48504
0,0,48504
5,0,48504
0,0,48504
4,0,48504
8,0,48504
3,0,48504
2,60,48504
2,0,48504
2,150,48504
0,0,48504
1,70,48504
0,0,48504
0,0,48504
2,160,48504
1,60,48504
2,80,48504
1,0,48504
1,0,48504
6,50,48504
2,0,48504
0,0,48504
18,160,48504
120,853,48504
0,0,48504
1,0,48504
11,390,48504
0,0,48504
1,0,48504
4,100,48504
2,0,48504
0,0,48504
0,80,48504
0,0,48504
0,0,48504
0,0,48504
0,50,48504
8,0,48504
0,0,48504
0,0,48504
0,60,48504
0,0,48504
9,70,48504
0,0,48504
0,0,48504
3,0,48504
0,0,48504
0,0,48504
0,150,48504
0,0,48504
8,90,48504
0,0,48504
5,0,48504
0,0,48504
2,0,48504
12,160,48504
2,0,48504
2,130,48504
2,0,48504
3,0,48504
4,0,48504
3,120,48504
5,0,48504
3,90,48504
5,0,48504
0,0,48504
8,150,48504
2,220,48504
0,120,48504
0,0,48504
2,110,48504
0,0,48504
6,200,48504
1,150,48504
5,370,48504
0,0,48504
7,210,48504
3,410,48504
1,4900,48504
2,50,48504
3,130,48504
0,0,48504
0,60,48504
0,100,48504
3,150,48504
0,0,48504
0,0,48504
127,1030,48504
0,0,48504
1,0,48504
1,0,48504
4,0,48504
75,0,48504
3,0,48504
1,0,48504
10,150,48504
7,0,48504
27,0,48504
0,0,48504
2,110,48504
9,0,48504
2,0,48504
9,0,48504
19,0,48504
2,0,48504
4,0,48504
8,0,48504
10,0,48504
4,0,48504
3,0,48504
11,150,48504
2,0,48504
0,110,48504
2,0,48504
2,70,48504
0,60,48504
1,180,48504
0,120,48504
4,80,48504
6,250,48504
0,0,48504
0,140,48504
0,60,48504
0,80,48504
0,0,48504
0,60,48504
0,0,48504
2,0,48504
2,120,48504
1,0,48504
6,90,48504
0,0,48504
0,0,48504
0,50,48504
0,0,48504
6,120,48504
5,0,48504
2,80,48504
0,0,48504
0,0,48504
0,0,48504
2,110,48504
0,0,48504
0,0,48504
0,140,48504
2,100,48504
4,50,48504
0,60,48504
35,300,48504
6,0,48504
0,0,48504
0,50,48504
12,60,48504
2,70,48504
4,0,48504
2,0,48504
2,0,48504
3,70,48504
15,510,48504
8,60,48504
2,280,48504
70,140,48504
8,0,48504
2,150,48504
48,0,48504
11,0,48504
7,320,48504
0,240,48504
0,0,48504
0,90,48504
12,0,48504
25,260,48504
4,120,48504
2,80,48504
0,0,48504
0,0,48504
0,60,48504
2,120,48504
0,0,48504
0,0,48504
0,170,48504
1,60,48504
0,0,48504
2,0,48504
0,0,48504
0,60,48504
0,0,48504
0,0,48504
4,70,48504
0,0,48504
3,100,48504
2,90,48504
7,0,48504
0,0,48504
3,60,48504
0,90,48504
1,90,48504
3,0,48504
27,0,48504
0,0,48504
0,0,48504
8,90,48504
0,80,48504
0,0,48504
0,50,48504
0,0,48504
0,0,48504
0,380,48504
0,140,48504
0,0,48504
0,0,48504
0,0,48504
1,0,48504
5,140,48504
12,0,48504
198,70,48504
25,80,48504
2,60,48504
2,0,48504
6,70,48504
154,550,48504
2,100,48504
4,60,48504
0,80,48504
8,60,48504
4,140,48504
2,100,48504
2,110,48504
6,170,48504
15,0,48504
0,0,48504
0,130,48504
0,0,48504
0,0,48504
4,0,48504
145,220,48504
4,80,48504
2,0,48504
7,0,48504
4,290,48504
2,110,48504
56,160,48504
3,120,48504
0,0,48504
0,60,48504
1708,780,48504
6,130,48504
0,0,48504
0,370,48504
16,60,48504
0,100,48504
1,80,48504
4,90,48504
7,80,48504
0,0,48504
1,60,48504
9,90,48504
1,130,48504
0,0,48504
3,80,48504
0,190,48504
8,0,48504
184,360,48504
5,50,48504
0,0,48504
2,0,48504
0,0,48504
0,0,48504
6,0,48504
3,0,48504
13,120,48504
0,140,48504
25,90,48504
65,90,48504
8,140,48504
15,0,48504
13,50,48504
0,0,48504
3,0,48504
2,0,48504
3,0,48504
0,0,48504
2,0,48504
9,80,48504
0,0,48504
1,0,48504
8,0,48504
3,0,48504
1,80,48504
3,110,48504
0,80,48504
2,0,48504
6,50,48504
2,0,48504
5,0,48504
2,60,48504
4,0,48504
3,90,48504
2,270,48504
8,0,48504
2,0,48504
1,0,48504
11,0,48504
0,100,48504
4,0,48504
0,320,48504
0,380,48504
10,0,48504
0,0,48504
46,80,48504
2,0,48504
1,110,48504
1,0,48504
1,50,48504
0,0,48504
0,0,48504
0,0,48504
0,60,48504
0,0,48504
0,150,48504
0,0,48504
3,90,48504
0,80,48504
1,180,48504
0,110,48504
0,0,48504
0,0,48504
0,90,48504
4,140,48504
1,70,48504
0,0,48504
2,50,48504
0,0,48504
3,180,48504
2,0,48504
0,0,48504
7,60,48504
0,0,48504
0,0,48504
2,310,48504
0,110,48504
4,110,48504
0,0,48504
1,100,48504
0,570,48504
7,180,48504
0,150,48504
2,150,48504
3,60,48504
0,0,48504
1,50,48504
0,70,48504
0,80,48504
0,0,48504
3,120,48504
6,200,48504
14,0,48504
1,0,48504
2,0,48504
3,170,48504
4,50,48504
5,0,48504
18,70,48504
11,0,48504
7,0,48504
7,50,48504
13,0,48504
3,110,48504
0,50,48504
37,490,48504
2,110,48504
1,0,48504
160,5490,48504
114,100,48504
52,310,48504
9,160,48504
0,130,48504
44,700,48504
0,80,48504
0,90,48504
0,80,48504
1,180,48504
2,300,48504
3,150,48504
0,0,48504
0,0,48504
0,180,48504
4,90,48504
11,240,48504
0,0,48504
8,0,48504
2,50,48504
3,0,48504
0,0,48504
0,0,48504
0,0,48504
2,120,48504
5,180,48504
5,190,48504
19,320,48504
1,80,48504
4,650,48504
11,90,48504
0,0,48504
0,250,48504
0,100,48504
2,100,48504
1,0,48504
0,0,48504
2,0,48504
0,0,48504
0,80,48504
7,60,48504
0,0,48504
0,0,48504
2,0,48504
5,50,48504
6,60,48504
11,80,48504
0,0,48504
1,60,48504
0,0,48504
49,0,48504
0,0,48504
1,380,48504
0,70,48504
0,130,48504
5,220,48504
0,90,48504
0,0,48504
0,570,48504
0,0,48504
2,50,48504
7,0,48504
3,0,48504
6,260,48504
3,60,48504
2,0,48504
50,80,48504
2,0,48504
14,70,48504
6,100,48504
6,130,48504
12,360,48504
4,0,48504
4,0,48504
0,0,48504
0,0,48504
0,0,48504
1,0,48504
1,0,48504
0,0,48504
2,0,48504
2,0,48504
0,0,48504
1,0,48504
4,130,48504
0,0,48504
0,90,48504
0,0,48504
1,0,48504
2,70,48504
6,140,48504
10,110,48504
0,90,48504
0,0,48504
5,190,48504
18,610,48504
80,380,48504
11,60,48504
0,0,48504
0,0,48504
2,0,48504
0,0,48504
0,0,48504
4,0,48504
0,0,48504
0,0,48504
0,0,48504
37,60,48504
44,0,48504
5,0,48504
6,240,48504
0,0,48504
1,60,48504
2,0,48504
41,750,48504
21,100,48504
0,0,48504
3,0,48504
0,80,48504
0,50,48504
1,0,48504
60,380,48504
0,0,48504
3,230,48504
0,90,48504
2,130,48504
2,90,48504
0,0,48504
0,0,48504
9,80,48504
0,0,48504
174,270,48504
3,80,48504
31,240,48504
0,70,48504
0,110,48504
0,0,48504
0,0,48504
9,230,48504
0,100,48504
2,0,48504
6,100,48504
0,100,48504
2,140,48504
2,290,48504
0,0,48504
8,70,48504
2,0,48504
0,0,48504
0,0,48504
0,0,48504
0,0,48504
0,0,48504
17,160,48504
0,0,48504
0,0,48504
1,0,48504
3,190,48504
4,0,48504
3,140,48504
0,0,48504
24,0,48504
0,130,48504
4,0,48504
6,0,48504
1,160,48504
0,80,48504
0,0,48504
4,0,48504
1,0,48504
13,90,48504
1,180,48504
8,120,48504
0,0,48504
1,130,48504
2,0,48504
10,430,48504
5,0,48504
0,120,48504
29,90,48504
15,360,48504
4,80,48504
0,0,48504
2,70,48504
76,290,48504
2,80,48504
0,0,48504
0,0,48504
0,90,48504
0,0,48504
18,70,48504
20,240,48504
0,80,48504
114,390,48504
0,80,48504
0,60,48504
3,0,48504
0,0,48504
0,60,48504
0,0,48504
0,0,48504
0,60,48504
0,0,48504
1,0,48504
0,0,48504
0,0,48504
0,0,48504
0,0,48504
0,0,48504
0,0,48504
1,0,48504
0,0,48504
2,50,48504
0,0,48504
0,50,48504
2,0,48504
1,160,48504
0,70,48504
0,0,48504
0,0,48504
1,90,48504
0,180,48504
2,0,48504
8,250,48504
2,70,48504
1,70,48504
13,140,48504
0,0,48504
12,180,48504
8,140,48504
0,0,48504
0,0,48504
0,0,48504
0,0,48504
0,70,48504
2,0,48504
8,130,48504
4,0,48504
5,80,48504
0,100,48504
0,0,48504
8,0,48504
0,0,48504
2,100,48504
7,130,48504
0,60,48504
4,180,48504
0,70,48504
1,0,48504
0,0,48504
1,60,48504
2,80,48504
1,140,48504
11,0,48504
7,200,48504
2,80,48504
13,0,48504
3,0,48504
3,130,48504
4,0,48504
7,170,48504
0,70,48504
2,170,48504
41,650,48504
3,190,48504
3,0,48504
1,100,48504
41,350,48504
11,250,48504
3,0,48504
5,0,48504
1,0,48504
3,0,48504
2,60,48504
0,0,48504
2,0,48504
0,110,48504
4,0,48504
70,910,48504
0,0,48504
0,0,48504
0,50,48504
0,0,48504
0,0,48504
4,0,48504
0,120,48504
0,0,48504
0,230,48504
0,100,48504
5,0,48504
0,100,48504
0,0,48504
0,0,48504
4,140,48504
0,50,48504
0,0,48504
0,0,48504
12,100,48504
0,90,48504
0,0,48504
0,0,48504
2,0,48504
0,0,48504
0,0,48504
15,0,48504
0,0,48504
0,0,48504
0,80,48504
0,100,48504
0,90,48504
0,50,48504
0,0,48504
14,180,48504
0,110,48504
2,90,48504
1,0,48504
6,0,48504
3,0,48504
2,0,48504
0,0,48504
5,70,48504
28,0,48504
0,0,48504
0,0,48504
1,60,48504
0,50,48504
0,170,48504
0,0,48504
1,210,48504
4,110,48504
0,0,48504
21,260,48504
0,0,48504
0,50,48504
0,0,48504
0,70,48504
4,310,48504
2,0,48504
1,0,48504
10,140,48504
0,0,48504
2,340,48504
1,70,48504
0,0,48504
0,0,48504
0,0,48504
0,60,48504
0,60,48504
0,0,48504
0,0,48504
0,0,48504
0,0,48504
0,240,48504
0,220,48504
0,70,48504
0,90,48504
8,0,48504
0,50,48504
0,0,48504
0,0,48504
0,120,48504
0,180,48504
0,150,48504
2,0,48504
0,90,48504
0,80,48504
0,140,48504
0,160,48504
0,0,48504
0,140,48504
0,0,48504
0,0,48504
0,0,48504
0,0,48504
0,70,48504
0,0,48504
0,60,48504
0,0,48504
2,410,48504
0,100,48504
0,0,48504
0,60,48504
0,130,48504
0,0,48504
0,0,48504
0,170,48504
0,50,48504
0,140,48504
0,270,48504
0,60,48504
5,80,48504
0,50,48504
0,150,48504
0,0,48504
0,0,48504
0,180,48504
0,0,48504
0,50,48504
0,0,48504
0,0,48504
0,230,48504
0,0,48504
0,80,48504
6,480,48504
0,0,48504
0,150,48504
0,70,48504
0,140,48504
0,180,48504
0,0,48504
0,60,48504
0,0,48504
2,150,48504
0,80,48504
0,0,48504
0,120,48504
0,160,48504
0,0,48504
0,70,48504
0,0,48504
0,0,48504
0,80,48504
0,0,48504
0,90,48504
0,130,48504
0,180,48504
4,460,48504
0,0,48504
0,50,48504
0,0,48504
0,0,48504
0,90,48504
0,230,48504
0,0,48504
0,0,48504
0,0,48504
0,0,48504
0,90,48504
0,0,48504
0,70,48504
0,0,48504
0,0,48504
0,0,48504
0,180,48504
0,80,48504
1,90,48504
0,90,48504
0,0,48504
4,710,48504
0,0,48504
0,80,48504
0,0,48504
0,0,48504
0,0,48504
0,240,48504
0,0,48504
0,0,48504
0,60,48504
0,0,48504
0,0,48504
0,50,48504
0,0,48504
0,0,48504
0,0,48504
0,110,48504
0,0,48504
0,0,48504
0,0,48504
0,330,48504
0,250,48504
3,370,48504
0,230,48504
0,180,48504
0,0,48504
0,240,48504
0,160,48504
6,420,48504
0,0,48504
0,220,48504
0,80,48504
0,190,48504
0,240,48504
0,0,48504
0,120,48504
0,0,48504
0,90,48504
0,60,48504
0,120,48504
0,50,48504
0,60,48504
0,50,48504
0,160,48504
0,90,48504
3,260,48504
0,0,48504
9,110,48504
0,0,48504
0,0,48504
183,1270,48504
1,0,48504
0,0,48504
0,0,48504
2,0,48504
1,90,48504
1,70,48504
0,0,48504
3,90,48504
0,0,48504
4,0,48504
0,0,48504
86,0,48504
4,0,48504
0,0,48504
0,0,48504
18,60,48504
1,0,48504
28,230,48504
0,0,48504
3,0,48504
9,110,48504
0,0,48504
4,70,48504
0,50,48504
8,140,48504
3,70,48504
28,60,48504
0,0,48504
0,100,48504
0,0,48504
3,160,48504
2,100,48504
0,0,48504
0,270,48504
0,0,48504
4,200,48504
6290,22080,48504
2,0,48504
0,100,48504
0,50,48504
171,60,48504
0,0,48504
2,70,48504
0,110,48504
0,0,48504
0,60,48504
0,70,48504
0,80,48504
0,130,48504
0,0,48504
2,80,48504
3,80,48504
8,70,48504
0,0,48504
1,0,48504
10,0,48504
0,0,48504
0,0,48504
122,1670,48504
0,0,48504
0,100,48504
3,240,48504
2,0,48504
1,0,48504
1,0,48504
71,60,48504
1,0,48504
1,130,48504
0,0,48504
1,60,48504
0,0,48504
0,0,48504
15,80,48504
0,0,48504
15,70,48504
0,110,48504
1,0,48504
0,70,48504
0,0,48504
0,0,48504
25,130,48504
2,310,48504
0,0,48504
1,0,48504
2,0,48504
0,0,48504
3,90,48504
0,60,48504
0,0,48504
0,0,48504
0,0,48504
7,220,48504
4,110,48504
1,150,48504
0,600,48504
0,180,48504
0,0,48504
1,530,48504
4,90,48504
3,150,48504
1,70,48504
4,0,48504
4,0,48504
2,0,48504
2,110,48504
5,0,48504
152,280,48504
200,380,48504
47,110,48504
95,490,48504
4,0,48504
6,250,48504
6,0,48504
2,120,48504
3,210,48504
1,90,48504
0,70,48504
7,160,48504
0,350,48504
3,390,48504
10,130,48504
3,60,48504
3,0,48504
0,0,48504
7,0,48504
3,130,48504
0,60,48504
0,0,48504
0,0,48504
0,0,48504
0,0,48504
0,60,48504
1,100,48504
2,0,48504
0,0,48504
0,0,48504
10,100,48504
0,0,48504
6,0,48504
0,0,48504
5,60,48504
0,0,48504
0,0,48504
55,60,48504
4,0,48504
0,0,48504
17,90,48504
0,0,48504
2,80,48504
7,250,48504
0,0,48504
2,0,48504
0,0,48504
0,0,48504
0,0,48504
419,1000,48504
1,0,48504
0,0,48504
0,0,48504
0,0,48504
0,0,48504
1,0,48504
2,60,48504
0,0,48504
9,0,48504
26,0,48504
18,440,48504
2,0,48504
10,130,48504
9,230,48504
0,90,48504
3,130,48504
2,100,48504
0,0,48504
0,0,48504
0,50,48504
0,70,48504
0,0,48504
0,0,48504
0,0,48504
9,250,48504
0,0,48504
3,140,48504
9,140,48504
0,50,48504
2,150,48504
0,150,48504
3,0,48504
0,0,48504
0,0,48504
0,0,48504
0,110,48504
3,60,48504
75,180,48504
0,0,48504
7,0,48504
25,220,48504
0,0,48504
0,90,48504
1,60,48504
0,0,48504
0,110,48504
0,110,48504
0,0,48504
64,0,48504
2,0,48504
0,0,48504
1,0,48504
6,0,48504
0,0,48504
0,0,48504
0,340,48504
4,0,48504
0,0,48504
7,60,48504
2,50,48504
21,60,48504
2,0,48504
5,310,48504
0,0,48504
24,340,48504
0,70,48504
26,940,48504
0,0,48504
0,0,48504
28,0,48504
4,0,48504
2,0,48504
3,110,48504
0,90,48504
0,50,48504
2,0,48504
0,0,48504
0,0,48504
0,0,48504
3,0,48504
2,0,48504
0,0,48504
0,120,48504
2,100,48504
0,0,48504
8,210,48504
0,0,48504
0,0,48504
0,80,48504
3,0,48504
7,50,48504
4,0,48504
19,0,48504
1,220,48504
15,0,48504
4,100,48504
8,110,48504
12,0,48504
1,80,48504
161,4050,48504
3,0,48504
0,0,48504
0,80,48504
0,0,48504
1,90,48504
0,0,48504
0,0,48504
0,0,48504
4,0,48504
0,0,48504
2,60,48504
0,160,48504
0,100,48504
0,0,48504
0,160,48504
25,0,48504
0,50,48504
8,140,48504
0,60,48504
0,0,48504
0,60,48504
0,110,48504
0,0,48504
4,0,48504
1,50,48504
7,90,48504
0,0,48504
0,220,48504
0,0,48504
1,70,48504
3,160,48504
0,0,48504
73,370,48504
1,0,48504
3,160,48504
6,80,48504
0,0,48504
0,0,48504
0,190,48504
0,60,48504
0,0,48504
0,0,48504
0,0,48504
0,0,48504
0,0,48504
2,70,48504
8,90,48504
5,0,48504
1,70,48504
3,60,48504
1,0,48504
2,0,48504
0,0,48504
0,0,48504
15,210,48504
1,0,48504
3,60,48504
0,0,48504
1,0,48504
671,1600,48504
0,0,48504
5,60,48504
3,80,48504
11,70,48504
0,80,48504
2,100,48504
1,0,48504
0,0,48504
2,0,48504
6,110,48504
0,90,48504
1,0,48504
0,0,48504
0,70,48504
0,0,48504
0,0,48504
0,0,48504
2,0,48504
0,0,48504
0,60,48504
1,90,48504
0,0,48504
4,0,48504
2,0,48504
0,0,48504
1,70,48504
19,130,48504
0,0,48504
0,0,48504
35,0,48504
0,0,48504
5,0,48504
2,0,48504
2,0,48504
0,170,48504
150,0,48504
2,300,48504
0,170,48504
0,0,48504
0,130,48504
0,70,48504
5,0,48504
2,150,48504
70,240,48504
0,0,48504
11,360,48504
0,0,48504
23,0,48504
0,0,48504
0,0,48504
0,50,48504
0,0,48504
0,0,48504
0,0,48504
0,0,48504
0,70,48504
64,300,48504
0,0,48504
0,0,48504
0,0,48504
0,0,48504
0,0,48504
0,0,48504
5,60,48504
0,0,48504
0,0,48504
0,140,48504
0,0,48504
0,0,48504
0,0,48504
0,0,48504
0,0,48504
5,0,48504
17,90,48504
1,0,48504
0,0,48504
2,320,48504
13,210,48504
9,220,48504
0,0,48504
0,0,48504
2,50,48504
0,0,48504
26,80,48504
6,0,48504
0,0,48504
0,0,48504
1,200,48504
0,100,48504
0,0,48504
1,100,48504
10,140,48504
1,0,48504
4,170,48504
0,60,48504
2,160,48504
0,0,48504
0,70,48504
0,0,48504
2,340,48504
5,0,48504
12,200,48504
2,0,48504
0,100,48504
0,0,48504
1,0,48504
0,0,48504
1,0,48504
1,0,48504
1,120,48504
0,60,48504
0,90,48504
0,0,48504
0,0,48504
11070,5120,48504
0,0,48504
0,80,48504
0,0,48504
0,0,48504
0,0,48504
0,0,48504
0,0,48504
0,0,48504
0,0,48504
0,0,48504
0,0,48504
0,0,48504
4,0,48504
0,50,48504
0,120,48504
3,0,48504
11,550,48504
3,50,48504
43,0,48504
1,100,48504
4,0,48504
31,120,48504
4,0,48504
15,0,48504
4,80,48504
260,540,48504
2,0,48504
0,0,48504
20,180,48504
12,630,48504
112,220,48504
0,180,48504
11,180,48504
6,130,48504
33,190,48504
1,0,48504
0,0,48504
2,0,48504
4,80,48504
2,0,48504
2,50,48504
5,80,48504
0,0,48504
1,60,48504
2,0,48504
8,0,48504
4,160,48504
3,0,48504
11,100,48504
3,60,48504
9,0,48504
3,280,48504
2,140,48504
8,60,48504
0,0,48504
0,0,48504
0,0,48504
0,180,48504
0,80,48504
4,60,48504
0,90,48504
13,110,48504
0,0,48504
20,510,48504
1,0,48504
4,100,48504
5,0,48504
0,60,48504
3,50,48504
0,60,48504
2,0,48504
0,0,48504
0,0,48504
17,820,48504
0,0,48504
1,50,48504
4,0,48504
0,100,48504
1,0,48504
0,120,48504
2,130,48504
0,0,48504
1,70,48504
0,0,48504
3,60,48504
0,110,48504
7,0,48504
40,240,48504
0,280,48504
9,60,48504
0,0,48504
0,0,48504
1,0,48504
0,0,48504
30,250,48504
0,0,48504
268,420,48504
0,0,48504
0,0,48504
0,0,48504
0,0,48504
0,0,48504
0,0,48504
0,0,48504
1,160,48504
0,0,48504
2,120,48504
10,0,48504
2,60,48504
0,0,48504
1,60,48504
13,180,48504
1,0,48504
0,0,48504
0,130,48504
0,0,48504
4,0,48504
0,0,48504
0,0,48504
0,0,48504
0,0,48504
0,0,48504
3,0,48504
0,0,48504
1,0,48504
0,0,48504
0,0,48504
9,0,48504
2,0,48504
34,0,48504
2,0,48504
3,0,48504
0,0,48504
2,0,48504
11,140,48504
3,0,48504
0,110,48504
1,50,48504
0,0,48504
0,0,48504
2,0,48504
25,130,48504
67,650,48504
0,0,48504
10,120,48504
0,0,48504
10,0,48504
0,110,48504
0,0,48504
0,0,48504
2,170,48504
2,0,48504
4,100,48504
2,80,48504
746,1520,48504
0,0,48504
4,0,48504
0,300,48504
1,0,48504
0,0,48504
3,60,48504
28,200,48504
5,0,48504
0,0,48504
0,0,48504
0,100,48504
4,130,48504
0,0,48504
0,0,48504
0,0,48504
3,0,48504
0,60,48532
6,120,48532
0,0,48532
1,0,48532
0,80,48532
0,0,48532
0,0,48532
0,210,48532
0,190,48532
4,90,48532
0,60,48532
0,0,48532
0,0,48532
0,0,48532
0,0,48532
2,150,48532
0,0,48532
4,160,48532
2,110,48532
4,250,48532
0,0,48532
0,0,48532
0,0,48532
2,100,48532
12,190,48532
0,0,48532
0,0,48532
2,60,48532
0,0,48532
0,0,48532
0,140,48532
0,170,48532
3,60,48532
1,0,48532
0,0,48532
0,0,48532
0,130,48532
39,140,48532
0,0,48532
1,0,48532
1,0,48532
8,0,48532
0,0,48532
0,0,48532
5447,450,48532
4,260,48532
0,60,48532
0,0,48532
0,0,48532
0,0,48532
0,310,48532
0,0,48532
0,190,48532
1,90,48532
0,0,48532
1,120,48532
0,80,48532
1,150,48532
0,0,48532
0,0,48532
3,200,48532
0,0,48532
0,90,48532
0,0,48532
0,0,48532
2,130,48532
0,0,48532
8,60,48532
0,0,48532
0,60,48532
0,0,48532
0,0,48532
0,0,48532
0,0,48532
0,60,48532
1111,280,48532
0,120,48532
0,0,48532
0,0,48532
3,110,48532
0,80,48532
0,0,48532
0,130,48532
0,0,48532
8,0,48532
0,70,48532
0,0,48532
1,0,48532
1,0,48532
0,110,48532
0,0,48532
0,0,48532
0,0,48532
0,0,48532
0,90,48532
0,80,48532
0,0,48532
1,90,48532
16,200,48532
0,130,48532
0,0,48532
5,80,48532
0,0,48532
0,0,48532
0,0,48532
0,60,48532
5,0,48532
2,110,48532
6,60,48532
0,0,48532
0,0,48532
26,60,48532
0,0,48532
0,0,48532
7,200,48532
1,140,48532
0,0,48532
0,130,48532
1703,1190,48532
0,0,48532
0,0,48532
4,50,48532
135,340,48532
0,50,48532
0,0,48532
1,0,48532
0,60,48532
7,60,48532
0,100,48532
17,280,48532
0,0,48532
0,70,48532
3,380,48532
0,0,48532
0,0,48532
10,100,48532
0,90,48532
0,100,48532
4,100,48532
0,0,48532
0,70,48532
4,100,48532
0,290,48532
0,0,48532
0,250,48532
0,60,48532
0,80,48532
0,0,48532
5,130,48532
0,0,48532
0,0,48532
0,0,48532
0,0,48532
0,80,48532
0,0,48532
0,0,48532
0,0,48532
2,230,48532
0,0,48532
0,90,48532
0,0,48532
1,90,48532
6,100,48532
0,110,48532
612,880,48532
0,50,48532
0,110,48532
0,0,48532
1,90,48532
0,50,48532
0,0,48532
0,0,48532
56,280,48532
0,0,48532
10,120,48532
9,60,48532
0,50,48532
0,0,48532
0,0,48532
0,130,48532
0,60,48532
70,1170,48532
7,130,48532
0,0,48532
0,0,48532
190,240,48532
1,70,48532
0,0,48532
0,0,48532
53,480,48532
0,80,48532
7,230,48532
2,60,48532
0,130,48532
0,0,48532
0,0,48532
2,160,48532
0,160,48532
0,0,48532
0,0,48532
0,200,48532
1,100,48532
0,0,48532
6,0,48532
0,0,48532
2,110,48532
0,0,48532
0,60,48532
0,0,48532
0,0,48532
0,0,48532
0,0,48532
7,0,48532
0,0,48532
0,0,48532
0,0,48532
7,80,48532
1,0,48532
0,260,48532
0,0,48532
2,0,48532
0,160,48532
0,0,48532
1,0,48532
0,0,48532
0,0,48532
0,290,48532
0,130,48532
0,0,48532
0,0,48532
0,0,48532
0,0,48532
0,90,48532
2,0,48532
0,60,48532
0,0,48532
0,0,48532
0,0,48532
0,0,48532
0,0,48532
4,0,48532
0,180,48532
0,0,48532
4,0,48532
0,70,48532
0,370,48532
0,100,48532
0,0,48532
33,380,48532
15,310,48532
2,140,48532
3,150,48532
2,60,48532
0,120,48532
0,0,48532
4,0,48532
0,90,48532
128,200,48532
0,0,48532
0,90,48532
0,70,48532
0,0,48532
0,0,48532
0,0,48532
0,0,48532
0,50,48532
0,430,48532
32,670,48532
0,0,48532
0,110,48532
0,0,48532
4,0,48532
0,100,48532
0,110,48532
0,0,48532
0,0,48532
0,120,48532
0,70,48532
0,0,48532
0,100,48532
0,0,48532
2,100,48532
3,0,48532
0,50,48532
0,0,48532
11,0,48532
6,140,48532
0,0,48532
0,90,48532
0,50,48532
16,80,48532
0,0,48532
0,0,48532
0,370,48532
2,0,48532
0,70,48532
3,80,48532
37,260,48532
0,0,48532
5,220,48532
0,0,48532
0,0,48532
0,0,48532
6,0,48532
13,0,48532
6,80,48532
13,280,48532
509,350,48532
1,0,48532
0,140,48532
0,100,48532
0,240,48532
0,0,48532
0,70,48532
10,270,48532
32,230,48532
0,0,48532
0,60,48532
0,150,48532
0,100,48532
2,70,48532
21,170,48532
0,100,48532
0,0,48532
0,0,48532
0,0,48532
1,0,48532
0,0,48532
0,0,48532
0,0,48532
0,0,48532
1,50,48532
4,0,48532
0,0,48532
0,0,48532
0,0,48532
2,0,48532
0,60,48532
0,0,48532
7,50,48532
14,120,48532
0,0,48532
2,70,48532
2,70,48532
0,0,48532
2,70,48532
0,60,48532
0,0,48532
3,0,48532
0,60,48532
17,0,48532
0,80,48532
0,60,48532
0,160,48532
0,0,48532
